{"count":1,"gauges":{"RobotBrain.CumulativeReward":{"count":60930,"max":-1,"min":-1,"value":-1,"weightedAverage":-1}},"self":178.3262208,"total":429.3290459,"children":{"AgentSendState":{"count":426517,"self":2.0486816,"total":2.7935141,"children":{"CollectObservations":{"count":42652,"self":0.1652282,"total":0.1652282,"children":null},"CollectDiscreteActionMasks":{"count":42652,"self":0.0329201,"total":0.0329201,"children":null},"AgentInfo.ToProto":{"count":42652,"self":0.2022415,"total":0.5466843,"children":{"GenerateSensorData":{"count":42652,"self":0.3444428,"total":0.3444428,"children":null}}}}},"DecideAction":{"count":426517,"self":244.2508288,"total":244.2508246,"children":null},"AgentAct":{"count":426517,"self":3.1200848,"total":3.9574849,"children":{"AgentInfo.ToProto":{"count":60930,"self":0.32094459999999997,"total":0.83740019999999993,"children":{"GenerateSensorData":{"count":60930,"self":0.5164556,"total":0.5164556,"children":null}}}}}}}