{"cameraMode":{"drawMode":0,"name":"Shaded","section":"Shading Mode"},"sceneLighting":true,"audioPlay":false,"sceneViewState":{"showFog":true,"showMaterialUpdate":false,"showSkybox":true,"showFlares":true,"showImageEffects":true,"showParticleSystems":true},"in2DMode":false,"pivot":{"x":-1.279141902923584,"y":0.12466037273406983,"z":2.506974220275879},"rotation":{"x":0.4515683948993683,"y":-0.06386608630418778,"z":0.03243714198470116,"w":0.8893965482711792},"size":10.651591300964356,"orthographic":false}